<application>
  <component name="VimEditorSettings">
    <editor>
      <key-repeat enabled="true" />
    </editor>
  </component>
  <component name="VimHistorySettings">
    <history>
      <history-search>
        <entry>isLink</entry>
        <entry encoding="base64">XDxzZWFyY2hSb2xlXD4=</entry>
        <entry>ob</entry>
        <entry>to</entry>
        <entry>obj</entry>
        <entry encoding="base64">XDxvYmplY3RMaW5rc1w+</entry>
        <entry encoding="base64">XDxvcmRlcmVkTGlua3NcPg==</entry>
        <entry encoding="base64">XDxPYmplY3RcPg==</entry>
        <entry encoding="base64">XDxhZGRPcmRlcmVkTGlua1w+</entry>
        <entry>re</entry>
        <entry encoding="base64">XDxzZWFyY2hPcmRlcmVkUm9sZXNcPg==</entry>
        <entry>role</entry>
        <entry encoding="base64">XDxyb2xlTGlua3NcPg==</entry>
        <entry>rol</entry>
        <entry encoding="base64">XDxyb2xlTWFwXD4=</entry>
        <entry>th</entry>
        <entry>Skill</entry>
        <entry encoding="base64">XDxyb2xlc1hvclw+</entry>
        <entry>Negat</entry>
        <entry>Status</entry>
      </history-search>
      <history-cmd>
        <entry encoding="base64">JzwsJz5zL21heEhwL2N1cnJIcC9n</entry>
        <entry encoding="base64">JzwsJz5zL2N1cnJIcC9tYXhTdGFtaW5hL2c=</entry>
        <entry encoding="base64">JzwsJz5zL1NraWxsL1N0YXR1cy9n</entry>
        <entry encoding="base64">JzwsJz5zL1N0YXR1cy9CdWZmL2c=</entry>
        <entry encoding="base64">JzwsJz5zL1N0YXR1cy9CdWZm</entry>
        <entry>action KJumpAction.Word0</entry>
        <entry encoding="base64">JzwsJz5zL1N0YXR1cy9BaWxtZW50L2c=</entry>
        <entry encoding="base64">JzwsJz5zL1N0YXR1cy9JdGVtL2c=</entry>
        <entry>w</entry>
      </history-cmd>
      <history-expr />
      <history-input />
    </history>
  </component>
  <component name="VimKeySettings">
    <shortcut-conflicts>
      <shortcut-conflict owner="vim">
        <text>ctrl pressed D</text>
      </shortcut-conflict>
      <shortcut-conflict owner="vim">
        <text>ctrl pressed H</text>
      </shortcut-conflict>
      <shortcut-conflict owner="vim">
        <text>ctrl pressed V</text>
      </shortcut-conflict>
      <shortcut-conflict owner="vim">
        <text>ctrl pressed R</text>
      </shortcut-conflict>
      <shortcut-conflict owner="vim">
        <text>ctrl pressed P</text>
      </shortcut-conflict>
      <shortcut-conflict owner="vim">
        <text>ctrl pressed K</text>
      </shortcut-conflict>
    </shortcut-conflicts>
  </component>
  <component name="VimMarksSettings">
    <globalmarks />
    <filemarks>
      <file name="$USER_HOME$/Dropbox/Workspace/Studia_III/MAS/classwork/mp4/Status.h" timestamp="1589986120538">
        <mark key="'" line="10" column="4" />
        <mark key="[" line="10" column="0" />
        <mark key="]" line="25" column="2" />
        <mark key="^" line="15" column="35" />
        <mark key="." line="13" column="0" />
      </file>
      <file name="$USER_HOME$/Dropbox/Workspace/Studia_III/MAS/classwork/mp4/Status.cpp" timestamp="1589986201950">
        <mark key="'" line="6" column="0" />
        <mark key="[" line="6" column="0" />
        <mark key="]" line="33" column="1" />
        <mark key="." line="0" column="581" />
        <mark key="^" line="0" column="44" />
      </file>
      <file name="$USER_HOME$/Dropbox/Workspace/Studia_III/MAS/classwork/mp4/Agent.cpp" timestamp="1589986290177">
        <mark key="'" line="14" column="50" />
        <mark key="[" line="16" column="31" />
        <mark key="]" line="16" column="34" />
        <mark key="^" line="16" column="34" />
        <mark key="." line="16" column="33" />
      </file>
      <file name="$USER_HOME$/Dropbox/Workspace/Studia_III/MAS/classwork/mp4/Item.h" timestamp="1590088719583">
        <mark key="'" line="14" column="70" />
        <mark key="[" line="15" column="4" />
        <mark key="]" line="15" column="4" />
        <mark key="^" line="15" column="4" />
        <mark key="." line="15" column="3" />
      </file>
      <file name="$USER_HOME$/Dropbox/Workspace/Studia_III/MAS/classwork/mp4/ObjectPlusPlus.cpp_dir/fragment.cpp" timestamp="1589983520346">
        <mark key="[" line="0" column="0" />
      </file>
      <file name="$USER_HOME$/Dropbox/Workspace/Studia_III/MAS/classwork/mp4/Ailment.cpp" timestamp="1589985728056">
        <mark key="'" line="8" column="22" />
        <mark key="[" line="18" column="39" />
        <mark key="]" line="18" column="45" />
        <mark key="." line="18" column="44" />
        <mark key="^" line="18" column="45" />
      </file>
      <file name="$USER_HOME$/Dropbox/Workspace/Studia_III/MAS/classwork/mp4/Buff.cpp" timestamp="1589985707217">
        <mark key="[" line="18" column="31" />
        <mark key="]" line="18" column="46" />
        <mark key="." line="18" column="45" />
        <mark key="^" line="18" column="46" />
      </file>
      <file name="/fragment.cpp" timestamp="1589985808578">
        <mark key="[" line="0" column="0" />
      </file>
      <file name="$USER_HOME$/Dropbox/Workspace/Studia_III/MAS/classwork/mp4/Ailment.h" timestamp="1589985744117">
        <mark key="'" line="28" column="0" />
        <mark key="[" line="10" column="23" />
        <mark key="]" line="10" column="29" />
        <mark key="^" line="10" column="29" />
        <mark key="." line="10" column="28" />
      </file>
      <file name="$USER_HOME$/Dropbox/Workspace/Studia_III/MAS/classwork/mp4/ObjectPlus4.cpp" timestamp="1589984948076">
        <mark key="'" line="33" column="41" />
        <mark key="[" line="20" column="55" />
        <mark key="]" line="20" column="56" />
        <mark key="." line="20" column="55" />
        <mark key="^" line="20" column="56" />
      </file>
      <file name="/Dummy.txt" timestamp="1589984431830">
        <mark key="[" line="0" column="0" />
      </file>
      <file name="$USER_HOME$/Dropbox/Workspace/Studia_III/MAS/classwork/mp4/ObjectPlus4.cpp_dir/fragment.cpp" timestamp="1589984433054">
        <mark key="[" line="0" column="0" />
      </file>
      <file name="$USER_HOME$/Dropbox/Workspace/Studia_III/MAS/classwork/mp4/Buff.h" timestamp="1589985329945">
        <mark key="'" line="11" column="0" />
        <mark key="[" line="11" column="20" />
        <mark key="]" line="11" column="26" />
        <mark key="." line="11" column="25" />
        <mark key="^" line="11" column="26" />
      </file>
      <file name="$USER_HOME$/Dropbox/Workspace/Studia_III/MAS/classwork/mp4/main.cpp" timestamp="1589986350249">
        <mark key="'" line="54" column="35" />
        <mark key="^" line="61" column="58" />
      </file>
      <file name="$USER_HOME$/Dropbox/Workspace/Studia_III/MAS/classwork/mp4/Agent.h" timestamp="1589986278603">
        <mark key="'" line="30" column="30" />
        <mark key="[" line="31" column="0" />
        <mark key="]" line="31" column="32" />
        <mark key="." line="31" column="30" />
        <mark key="^" line="31" column="31" />
      </file>
      <file name="$USER_HOME$/Dropbox/Workspace/Studia_III/MAS/classwork/mp4/Item.cpp" timestamp="1589986230495">
        <mark key="'" line="33" column="0" />
        <mark key="[" line="8" column="40" />
        <mark key="]" line="8" column="55" />
        <mark key="." line="8" column="54" />
        <mark key="^" line="8" column="55" />
      </file>
      <file name="$USER_HOME$/Dropbox/Workspace/Studia_III/MAS/classwork/mp4/ObjectPlusPlus.cpp" timestamp="1589983546152">
        <mark key="'" line="147" column="21" />
        <mark key="[" line="151" column="4" />
        <mark key="]" line="151" column="31" />
        <mark key="." line="151" column="30" />
        <mark key="^" line="151" column="31" />
      </file>
      <file name="$USER_HOME$/Dropbox/Workspace/Studia_III/MAS/classwork/mp4/ObjectPlus4.h" timestamp="1589983635616">
        <mark key="'" line="6" column="0" />
        <mark key="[" line="13" column="36" />
        <mark key="]" line="13" column="53" />
        <mark key="." line="13" column="52" />
        <mark key="^" line="13" column="53" />
      </file>
      <file name="$USER_HOME$/Dropbox/Workspace/Studia_III/MAS/classwork/mp4/ObjectPlusPlus.h" timestamp="1589981793252">
        <mark key="'" line="42" column="9" />
        <mark key="[" line="35" column="27" />
        <mark key="]" line="35" column="27" />
        <mark key="^" line="35" column="89" />
        <mark key="." line="35" column="27" />
      </file>
      <file name="$USER_HOME$/Dropbox/Workspace/Studia_III/MAS/classwork/mp4/main.cpp_dir/fragment.cpp" timestamp="1589985808548">
        <mark key="[" line="0" column="0" />
      </file>
    </filemarks>
    <jumps>
      <jump line="49" column="76" filename="$USER_HOME$/Dropbox/Workspace/Studia_III/MAS/classwork/mp4/ObjectPlusPlus.cpp" />
      <jump line="11" column="10" filename="$USER_HOME$/Dropbox/Workspace/Studia_III/MAS/classwork/mp4/ObjectPlusPlus.h" />
      <jump line="15" column="30" filename="$USER_HOME$/Dropbox/Workspace/Studia_III/MAS/classwork/mp4/ObjectPlusPlus.h" />
      <jump line="42" column="33" filename="$USER_HOME$/Dropbox/Workspace/Studia_III/MAS/classwork/mp4/main.cpp" />
      <jump line="40" column="30" filename="$USER_HOME$/Dropbox/Workspace/Studia_III/MAS/classwork/mp4/main.cpp" />
      <jump line="38" column="7" filename="$USER_HOME$/Dropbox/Workspace/Studia_III/MAS/classwork/mp4/main.cpp" />
      <jump line="65" column="0" filename="$USER_HOME$/Dropbox/Workspace/Studia_III/MAS/classwork/mp4/ObjectPlusPlus.cpp" />
      <jump line="142" column="30" filename="$USER_HOME$/Dropbox/Workspace/Studia_III/MAS/classwork/mp4/ObjectPlusPlus.cpp" />
      <jump line="139" column="33" filename="$USER_HOME$/Dropbox/Workspace/Studia_III/MAS/classwork/mp4/ObjectPlusPlus.cpp" />
      <jump line="137" column="8" filename="$USER_HOME$/Dropbox/Workspace/Studia_III/MAS/classwork/mp4/ObjectPlusPlus.cpp" />
      <jump line="138" column="32" filename="$USER_HOME$/Dropbox/Workspace/Studia_III/MAS/classwork/mp4/ObjectPlusPlus.cpp" />
      <jump line="136" column="9" filename="$USER_HOME$/Dropbox/Workspace/Studia_III/MAS/classwork/mp4/ObjectPlusPlus.cpp" />
      <jump line="135" column="26" filename="$USER_HOME$/Dropbox/Workspace/Studia_III/MAS/classwork/mp4/ObjectPlusPlus.cpp" />
      <jump line="140" column="96" filename="$USER_HOME$/Dropbox/Workspace/Studia_III/MAS/classwork/mp4/ObjectPlusPlus.cpp" />
      <jump line="27" column="17" filename="$USER_HOME$/Dropbox/Workspace/Studia_III/MAS/classwork/mp4/ObjectPlusPlus.cpp" />
      <jump line="30" column="0" filename="$USER_HOME$/Dropbox/Workspace/Studia_III/MAS/classwork/mp4/ObjectPlusPlus.h" />
      <jump line="24" column="0" filename="$USER_HOME$/Dropbox/Workspace/Studia_III/MAS/classwork/mp4/ObjectPlusPlus.h" />
      <jump line="31" column="0" filename="$USER_HOME$/Dropbox/Workspace/Studia_III/MAS/classwork/mp4/ObjectPlusPlus.h" />
      <jump line="33" column="0" filename="$USER_HOME$/Dropbox/Workspace/Studia_III/MAS/classwork/mp4/ObjectPlusPlus.h" />
      <jump line="36" column="0" filename="$USER_HOME$/Dropbox/Workspace/Studia_III/MAS/classwork/mp4/ObjectPlusPlus.h" />
      <jump line="39" column="0" filename="$USER_HOME$/Dropbox/Workspace/Studia_III/MAS/classwork/mp4/ObjectPlusPlus.h" />
      <jump line="44" column="0" filename="$USER_HOME$/Dropbox/Workspace/Studia_III/MAS/classwork/mp4/ObjectPlusPlus.h" />
      <jump line="43" column="0" filename="$USER_HOME$/Dropbox/Workspace/Studia_III/MAS/classwork/mp4/ObjectPlusPlus.h" />
      <jump line="28" column="8" filename="$USER_HOME$/Dropbox/Workspace/Studia_III/MAS/classwork/mp4/ObjectPlusPlus.cpp" />
      <jump line="116" column="63" filename="$USER_HOME$/Dropbox/Workspace/Studia_III/MAS/classwork/mp4/ObjectPlusPlus.cpp" />
      <jump line="25" column="4" filename="$USER_HOME$/Dropbox/Workspace/Studia_III/MAS/classwork/mp4/ObjectPlus4.cpp" />
      <jump line="21" column="0" filename="$USER_HOME$/Dropbox/Workspace/Studia_III/MAS/classwork/mp4/ObjectPlus4.cpp" />
      <jump line="23" column="4" filename="$USER_HOME$/Dropbox/Workspace/Studia_III/MAS/classwork/mp4/ObjectPlus4.cpp" />
      <jump line="6" column="0" filename="$USER_HOME$/Dropbox/Workspace/Studia_III/MAS/classwork/mp4/Skill.cpp" />
      <jump line="7" column="0" filename="$USER_HOME$/Dropbox/Workspace/Studia_III/MAS/classwork/mp4/Skill.cpp" />
      <jump line="9" column="0" filename="$USER_HOME$/Dropbox/Workspace/Studia_III/MAS/classwork/mp4/Skill.cpp" />
      <jump line="13" column="0" filename="$USER_HOME$/Dropbox/Workspace/Studia_III/MAS/classwork/mp4/Skill.cpp" />
      <jump line="16" column="0" filename="$USER_HOME$/Dropbox/Workspace/Studia_III/MAS/classwork/mp4/Skill.cpp" />
      <jump line="18" column="0" filename="$USER_HOME$/Dropbox/Workspace/Studia_III/MAS/classwork/mp4/Skill.cpp" />
      <jump line="22" column="0" filename="$USER_HOME$/Dropbox/Workspace/Studia_III/MAS/classwork/mp4/Skill.cpp" />
      <jump line="26" column="0" filename="$USER_HOME$/Dropbox/Workspace/Studia_III/MAS/classwork/mp4/Skill.cpp" />
      <jump line="29" column="1" filename="$USER_HOME$/Dropbox/Workspace/Studia_III/MAS/classwork/mp4/Status.cpp" />
      <jump line="10" column="22" filename="$USER_HOME$/Dropbox/Workspace/Studia_III/MAS/classwork/mp4/Skill.h" />
      <jump line="16" column="0" filename="$USER_HOME$/Dropbox/Workspace/Studia_III/MAS/classwork/mp4/Skill.h" />
      <jump line="18" column="0" filename="$USER_HOME$/Dropbox/Workspace/Studia_III/MAS/classwork/mp4/Skill.h" />
      <jump line="20" column="0" filename="$USER_HOME$/Dropbox/Workspace/Studia_III/MAS/classwork/mp4/Skill.h" />
      <jump line="12" column="4" filename="$USER_HOME$/Dropbox/Workspace/Studia_III/MAS/classwork/mp4/Status.h" />
      <jump line="48" column="25" filename="$USER_HOME$/Dropbox/Workspace/Studia_III/MAS/classwork/mp4/main.cpp" />
      <jump line="10" column="25" filename="$USER_HOME$/Dropbox/Workspace/Studia_III/MAS/classwork/mp4/Character.h" />
      <jump line="16" column="34" filename="$USER_HOME$/Dropbox/Workspace/Studia_III/MAS/classwork/mp4/Status.h" />
      <jump line="14" column="50" filename="$USER_HOME$/Dropbox/Workspace/Studia_III/MAS/classwork/mp4/Agent.cpp" />
      <jump line="29" column="52" filename="$USER_HOME$/Dropbox/Workspace/Studia_III/MAS/classwork/mp4/ObjectPlus4.cpp" />
      <jump line="147" column="21" filename="$USER_HOME$/Dropbox/Workspace/Studia_III/MAS/classwork/mp4/ObjectPlusPlus.cpp" />
      <jump line="42" column="9" filename="$USER_HOME$/Dropbox/Workspace/Studia_III/MAS/classwork/mp4/ObjectPlusPlus.h" />
      <jump line="29" column="4" filename="$USER_HOME$/Dropbox/Workspace/Studia_III/MAS/classwork/mp4/main.cpp" />
      <jump line="30" column="57" filename="$USER_HOME$/Dropbox/Workspace/Studia_III/MAS/classwork/mp4/ObjectPlus4.cpp" />
      <jump line="24" column="59" filename="$USER_HOME$/Dropbox/Workspace/Studia_III/MAS/classwork/mp4/ObjectPlus4.cpp" />
      <jump line="39" column="68" filename="$USER_HOME$/Dropbox/Workspace/Studia_III/MAS/classwork/mp4/ObjectPlus4.cpp" />
      <jump line="40" column="41" filename="$USER_HOME$/Dropbox/Workspace/Studia_III/MAS/classwork/mp4/ObjectPlus4.cpp" />
      <jump line="0" column="0" filename="$USER_HOME$/Dropbox/Workspace/Studia_III/MAS/classwork/mp4/Status.cpp" />
      <jump line="3" column="0" filename="$USER_HOME$/Dropbox/Workspace/Studia_III/MAS/classwork/mp4/Status.cpp" />
      <jump line="5" column="0" filename="$USER_HOME$/Dropbox/Workspace/Studia_III/MAS/classwork/mp4/Status.cpp" />
      <jump line="7" column="0" filename="$USER_HOME$/Dropbox/Workspace/Studia_III/MAS/classwork/mp4/Status.cpp" />
      <jump line="9" column="0" filename="$USER_HOME$/Dropbox/Workspace/Studia_III/MAS/classwork/mp4/Status.cpp" />
      <jump line="13" column="0" filename="$USER_HOME$/Dropbox/Workspace/Studia_III/MAS/classwork/mp4/Status.cpp" />
      <jump line="16" column="0" filename="$USER_HOME$/Dropbox/Workspace/Studia_III/MAS/classwork/mp4/Status.cpp" />
      <jump line="18" column="0" filename="$USER_HOME$/Dropbox/Workspace/Studia_III/MAS/classwork/mp4/Status.cpp" />
      <jump line="22" column="0" filename="$USER_HOME$/Dropbox/Workspace/Studia_III/MAS/classwork/mp4/Status.cpp" />
      <jump line="26" column="0" filename="$USER_HOME$/Dropbox/Workspace/Studia_III/MAS/classwork/mp4/Status.cpp" />
      <jump line="30" column="0" filename="$USER_HOME$/Dropbox/Workspace/Studia_III/MAS/classwork/mp4/Status.cpp" />
      <jump line="33" column="0" filename="$USER_HOME$/Dropbox/Workspace/Studia_III/MAS/classwork/mp4/Status.cpp" />
      <jump line="11" column="0" filename="$USER_HOME$/Dropbox/Workspace/Studia_III/MAS/classwork/mp4/Status.h" />
      <jump line="18" column="0" filename="$USER_HOME$/Dropbox/Workspace/Studia_III/MAS/classwork/mp4/Status.h" />
      <jump line="27" column="0" filename="$USER_HOME$/Dropbox/Workspace/Studia_III/MAS/classwork/mp4/Status.h" />
      <jump line="29" column="0" filename="$USER_HOME$/Dropbox/Workspace/Studia_III/MAS/classwork/mp4/Status.h" />
      <jump line="28" column="0" filename="$USER_HOME$/Dropbox/Workspace/Studia_III/MAS/classwork/mp4/Status.h" />
      <jump line="21" column="0" filename="$USER_HOME$/Dropbox/Workspace/Studia_III/MAS/classwork/mp4/Status.h" />
      <jump line="10" column="0" filename="$USER_HOME$/Dropbox/Workspace/Studia_III/MAS/classwork/mp4/Buff.h" />
      <jump line="5" column="0" filename="$USER_HOME$/Dropbox/Workspace/Studia_III/MAS/classwork/mp4/Buff.cpp" />
      <jump line="33" column="0" filename="$USER_HOME$/Dropbox/Workspace/Studia_III/MAS/classwork/mp4/Buff.cpp" />
      <jump line="10" column="0" filename="$USER_HOME$/Dropbox/Workspace/Studia_III/MAS/classwork/mp4/Ailment.h" />
      <jump line="11" column="0" filename="$USER_HOME$/Dropbox/Workspace/Studia_III/MAS/classwork/mp4/Ailment.h" />
      <jump line="18" column="0" filename="$USER_HOME$/Dropbox/Workspace/Studia_III/MAS/classwork/mp4/Ailment.h" />
      <jump line="21" column="0" filename="$USER_HOME$/Dropbox/Workspace/Studia_III/MAS/classwork/mp4/Ailment.h" />
      <jump line="27" column="0" filename="$USER_HOME$/Dropbox/Workspace/Studia_III/MAS/classwork/mp4/Ailment.h" />
      <jump line="30" column="0" filename="$USER_HOME$/Dropbox/Workspace/Studia_III/MAS/classwork/mp4/Ailment.h" />
      <jump line="29" column="0" filename="$USER_HOME$/Dropbox/Workspace/Studia_III/MAS/classwork/mp4/Ailment.h" />
      <jump line="2" column="0" filename="$USER_HOME$/Dropbox/Workspace/Studia_III/MAS/classwork/mp4/Ailment.cpp" />
      <jump line="6" column="21" filename="$USER_HOME$/Dropbox/Workspace/Studia_III/MAS/classwork/mp4/Ailment.cpp" />
      <jump line="33" column="0" filename="$USER_HOME$/Dropbox/Workspace/Studia_III/MAS/classwork/mp4/Ailment.cpp" />
      <jump line="8" column="22" filename="$USER_HOME$/Dropbox/Workspace/Studia_III/MAS/classwork/mp4/Ailment.cpp" />
      <jump line="50" column="3" filename="$USER_HOME$/Dropbox/Workspace/Studia_III/MAS/classwork/mp4/main.cpp" />
      <jump line="19" column="9" filename="$USER_HOME$/Dropbox/Workspace/Studia_III/MAS/classwork/mp4/Buff.cpp" />
      <jump line="6" column="0" filename="$USER_HOME$/Dropbox/Workspace/Studia_III/MAS/classwork/mp4/main.cpp" />
      <jump line="53" column="35" filename="$USER_HOME$/Dropbox/Workspace/Studia_III/MAS/classwork/mp4/main.cpp" />
      <jump line="29" column="24" filename="$USER_HOME$/Dropbox/Workspace/Studia_III/MAS/classwork/mp4/Agent.h" />
      <jump line="10" column="4" filename="$USER_HOME$/Dropbox/Workspace/Studia_III/MAS/classwork/mp4/Status.h" />
      <jump line="25" column="0" filename="$USER_HOME$/Dropbox/Workspace/Studia_III/MAS/classwork/mp4/Item.h" />
      <jump line="15" column="40" filename="$USER_HOME$/Dropbox/Workspace/Studia_III/MAS/classwork/mp4/Item.h" />
      <jump line="6" column="0" filename="$USER_HOME$/Dropbox/Workspace/Studia_III/MAS/classwork/mp4/Status.cpp" />
      <jump line="0" column="0" filename="$USER_HOME$/Dropbox/Workspace/Studia_III/MAS/classwork/mp4/Item.cpp" />
      <jump line="6" column="0" filename="$USER_HOME$/Dropbox/Workspace/Studia_III/MAS/classwork/mp4/Item.cpp" />
      <jump line="33" column="0" filename="$USER_HOME$/Dropbox/Workspace/Studia_III/MAS/classwork/mp4/Item.cpp" />
      <jump line="30" column="30" filename="$USER_HOME$/Dropbox/Workspace/Studia_III/MAS/classwork/mp4/Agent.h" />
      <jump line="14" column="70" filename="$USER_HOME$/Dropbox/Workspace/Studia_III/MAS/classwork/mp4/Item.h" />
    </jumps>
  </component>
  <component name="VimRegisterSettings">
    <registers>
      <register name="&quot;" type="4">
        <text encoding="base64">ICAgIGMxLmFkZExpbmsoQ2hhcmFjdGVyOjpyb2xlSGFzLCBJdGVtOjpyb2xlSXNCZWxvbmdpbmdPZiwgJmkxKTsK</text>
      </register>
      <register name="-" type="4">
        <text>roleConsistsOf</text>
      </register>
      <register name="/" type="4">
        <text>Status</text>
      </register>
      <register name="0" type="2">
        <text encoding="base64">ICAgIGMxLmFkZExpbmsoQ2hhcmFjdGVyOjpyb2xlSGFzLCBJdGVtOjpyb2xlSXNCZWxvbmdpbmdPZiwgJmkxKTsK</text>
      </register>
      <register name="1" type="2">
        <text encoding="base64">ICAgIGMxLmFkZExpbmsoQ2hhcmFjdGVyOjpyb2xlQmVsb25nc1RvLCBQYXJ0eTo6cm9sZUNvbnNpc3RzT2YsICZwMSk7Cg==</text>
      </register>
      <register name="2" type="2">
        <text encoding="base64">ICAgIEl0ZW0gaTEgPSBJdGVtKCJIZWFsdGggUG90aW9uIik7CiAgICBjMS5hZGRMaW5rKENoYXJhY3Rlcjo6cm9sZUhhcywgSXRlbTo6cm9sZUNvbnNpc3RzT2YsICZwMSk7Cg==</text>
      </register>
      <register name="3" type="2">
        <text encoding="base64">ICAgIHN0YXRpYyBjb25zdCBzdHJpbmcgcm9sZUFmZmVjdHM7Cg==</text>
      </register>
      <register name="4" type="2">
        <text encoding="base64">Y2xhc3MgSXRlbSA6IHB1YmxpYyBPYmplY3RQbHVzUGx1cyB7Cgp9OwoK</text>
      </register>
      <register name="5" type="2">
        <text encoding="base64">ICAgIEFpbG1lbnQgc3RhdDEgPSBBaWxtZW50KCJQb2lzb24iKTsKICAgIEFpbG1lbnQgc3RhdDIgPSBBaWxtZW50KCJCbGVlZCIpOwo=</text>
      </register>
      <register name="6" type="2">
        <text encoding="base64">Cg==</text>
      </register>
      <register name="7" type="2">
        <text encoding="base64">ICAgIFN0YXR1cyhuYW1lKTsK</text>
      </register>
      <register name="8" type="2">
        <text encoding="base64">ICAgIHN0YXRpYyBjb25zdCBpbnQgbWF4U2l6ZSA9IDQ7Cg==</text>
      </register>
      <register name="9" type="2">
        <text encoding="base64">Cg==</text>
      </register>
      <register name=":" type="4">
        <text>w</text>
      </register>
    </registers>
  </component>
  <component name="VimSearchSettings">
    <search>
      <last-search>Status</last-search>
      <last-offset />
      <last-pattern>Status</last-pattern>
      <last-replace>Item</last-replace>
      <last-substitute>Status</last-substitute>
      <last-dir>1</last-dir>
      <show-last>false</show-last>
    </search>
  </component>
  <component name="VimSettings">
    <state version="6" enabled="true" />
    <notifications>
      <idea-join enabled="true" />
      <idea-put enabled="false" />
    </notifications>
  </component>
</application>